Name;Age;Occupation
Bob;42;Student
Flex;44.5;Master
Bob;42;Student
Flex;44.5;Master
Bob;42;Student
Flex;44.5;Master
Bob;42;Student
Flex;44.5;Master
Bob;42;Student
Flex;44.5;Master
Bob;42;Student
Flex;44.5;Master
Bob;42;Student
Flex;44.5;Master
Bob;42;Student
Flex;44.5;Master
Bob;42;Student
Flex;44.5;Master
Bob;42;Student
Flex;44.5;Master
Bob;42;Student
Flex;44.5;Master
Bob;42;Student
Flex;44.5;Master
Bob;42;Student
Flex;44.5;Master
Bob;42;Student
Flex;44.5;Master
Bob;42;Student
Flex;44.5;Master
Bob;42;Student
Flex;44.5;Master
Bob;42;Student
Flex;44.5;Master
Bob;42;Student
Flex;44.5;Master
Bob;42;Student
Flex;44.5;Master
Bob;42;Student
Flex;44.5;Master
Bob;42;Student
Flex;44.5;Master
Bob;42;Student
Flex;44.5;Master
Bob;42;Student
Flex;44.5;Master
Bob;42;Student
Flex;44.5;Master
Bob;42;Student
Flex;44.5;Master
Bob;42;Student
Flex;44.5;Master
Bob;42;Student
Flex;44.5;Master
Bob;42;Student
Flex;44.5;Master
Bob;42;Student
Flex;44.5;Master
Bob;42;Student
Flex;44.5;Master
Bob;42;Student
Flex;44.5;Master
Bob;42;Student
Flex;44.5;Master
Bob;42;Student
Flex;44.5;Master
Bob;42;Student
Flex;44.5;Master
Bob;42;Student
Flex;44.5;Master
Bob;42;Student
Flex;44.5;Master
Bob;42;Student
Flex;44.5;Master
Bob;42;Student
Flex;44.5;Master
Bob;42;Student
Flex;44.5;Master
Bob;42;Student
Flex;44.5;Master
Bob;42;Student
Flex;44.5;Master
Bob;42;Student
Flex;44.5;Master
Bob;42;Student
Flex;44.5;Master
Bob;42;Student
Flex;44.5;Master
Bob;42;Student
Flex;44.5;Master
Bob;42;Student
Flex;44.5;Master
Bob;42;Student
Flex;44.5;Master
Bob;42;Student
Flex;44.5;Master
Bob;42;Student
Flex;44.5;Master
Bob;42;Student
Flex;44.5;Master
Bob;42;Student
Flex;44.5;Master
Bob;42;Student
Flex;44.5;Master
Bob;42;Student
Flex;44.5;Master
Bob;42;Student
Flex;44.5;Master
Bob;42;Student
Flex;44.5;Master
Bob;42;Student
Flex;44.5;Master
Bob;42;Student
Flex;44.5;Master
Bob;42;Student
Flex;44.5;Master
Bob;42;Student
Flex;44.5;Master
Bob;42;Student
Flex;44.5;Master
Bob;42;Student
Flex;44.5;Master
Bob;42;Student
Flex;44.5;Master
Bob;42;Student
Flex;44.5;Master
Bob;42;Student
Flex;44.5;Master
Bob;42;Student
Flex;44.5;Master
